sample_id,sentence_id,sentence,sentence_norm,label,is_uncertain,uncertainty_note,source_file,source_year,source_form,source_cik,sentence_index,sic,sic2,ff12_code,ff12_name,token_count,length_bin,edge_case_flag
63d2c905c1c2389d,ef6e6523c8f51d03,(ai) Section 16(b) means Section 16(b) of the Exchange Act.,ai section 16 b means section 16 b of the exchange act,Irrelevant,0,,base_labeled,,,,1,,,12,Other,10,short,0
fe42b80d5c11bbb7,3ede10cddfb18849,"Claims, Litigation, Government Investigations, and Other Proceedings May Adversely Affect Our Business and Results of Operations",claims litigation government investigations and other proceedings may adversely affect our business and results of operations,Irrelevant,0,,base_labeled,,,,2,,,12,Other,16,medium,1
eda0979bd9b7fb7e,8aab49168ea7ba4e,"interruptions in the accessibility or performance of our products and services due to capacity constraints from increased usage, or product changes we implement to maintain accessibility of our services, such as reducing the quality of video to reduce bandwidth usage;",interruptions in the accessibility or performance of our products and services due to capacity constraints from increased usage or product changes we implement to maintain accessibility of our services such as reducing the quality of video to reduce bandwidth usage,Irrelevant,0,,base_labeled,,,,3,,,12,Other,40,long,0
dc37629f8a1cdd01,805c8c80064d68f7,"we fail to introduce new features, products, or services that users find engaging or if we introduce new products or services, or make changes to existing products and services, that are not favorably received;",we fail to introduce new features products or services that users find engaging or if we introduce new products or services or make changes to existing products and services that are not favorably received,Irrelevant,0,,base_labeled,,,,4,,,12,Other,34,long,0
6f388815e7c8b8ee,1b60aef18a4a77c5,"there are decreases in user sentiment due to questions about the quality or usefulness of our products or our user data practices, concerns about the nature of content made available on our products, or concerns related to privacy, safety, security, well-being, or other factors;",there are decreases in user sentiment due to questions about the quality or usefulness of our products or our user data practices concerns about the nature of content made available on our products or concerns related to privacy safety security well being or other factors,Irrelevant,0,,base_labeled,,,,5,,,12,Other,44,long,0
56500c5eceb474fa,3154061ad081d662,"adverse impacts to our efforts to combat misuse of our products and services and user data as a result of limitations on our safety, security, and content review efforts while our workforce is working remotely, such as the necessity to rely more heavily on artificial intelligence to perform tasks that our workforce is unable to perform;",adverse impacts to our efforts to combat misuse of our products and services and user data as a result of limitations on our safety security and content review efforts while our workforce is working remotely such as the necessity to rely more heavily on artificial intelligence to perform tasks that our workforce is unable to perform,Irrelevant,0,,base_labeled,,,,6,,,12,Other,56,long,0
3f7d06483f3f2855,64a60a594b2c3105,we are unable to successfully maintain or grow usage of and engagement with applications that integrate with our products;,we are unable to successfully maintain or grow usage of and engagement with applications that integrate with our products,Irrelevant,0,,base_labeled,,,,7,,,12,Other,19,medium,0
5d788a51fcffdaee,b7217098a969207f,These orders inform our machine learning algorithms and generate a data advantage in which the technology and value of our local logistics platform is,these orders inform our machine learning algorithms and generate a data advantage in which the technology and value of our local logistics platform is,Irrelevant,0,,base_labeled,,,,8,,,12,Other,24,medium,0
a45de849325cbaa8,4b41cd2953fe8dcb,"functionalities, the autonomous Tesla ride-hailing network and robotics.",functionalities the autonomous tesla ride hailing network and robotics,Irrelevant,0,,base_labeled,,,,9,,,12,Other,8,short,0
85947797672444bf,45b2b7b3249ce142,increased volatility and uncertainty in the financial projections we use as the basis for estimates used in our financial statements.,increased volatility and uncertainty in the financial projections we use as the basis for estimates used in our financial statements,Actionable,0,,base_labeled,,,,10,,,12,Other,20,medium,0
f870b4c667aaa489,e8613f8f13dd3d92,we are unable to obtain or attract engaging third-party content;,we are unable to obtain or attract engaging third party content,Irrelevant,0,,base_labeled,,,,11,,,12,Other,10,short,0
b83681aa4acd35db,c0741250ca5d672e,"We may also experience similar future delays in launching and/or ramping production of our energy storage products and Solar Roof; new product versions or variants such as the recently updated Model S and Model X; new vehicles such as Tesla Semi, Cybertruck and the new Tesla Roadster; and future features and services based on artificial intelligence, such as new Autopilot or FSD",we may also experience similar future delays in launching and or ramping production of our energy storage products and solar roof new product versions or variants such as the recently updated model s and model x new vehicles such as tesla semi cybertruck and the new tesla roadster and future features and services based on artificial intelligence such as new autopilot or fsd,Actionable,0,,base_labeled,,,,12,,,12,Other,62,long,1
70776372449190f7,113049109019bfe0,"users adopt new technologies where our products may be displaced in favor of other products or services, or may not be featured or otherwise available;",users adopt new technologies where our products may be displaced in favor of other products or services or may not be featured or otherwise available,Irrelevant,0,,base_labeled,,,,13,,,12,Other,25,long,1
60d19b71b7fab4ca,84405e88029d5816,to develop new product features using generative AI.,to develop new product features using generative ai,Irrelevant,0,,base_labeled,,,,14,,,12,Other,8,short,1
63ffa510d273cc00,744a30c9bc4a388b,"we adopt terms, policies, or procedures related to areas such as sharing, content, user data, or advertising, or we take, or fail to take, actions to enforce our policies, that are perceived negatively by our users or the general public, including as a result of decisions or recommendations from the independent Oversight Board regarding content on our platform;",we adopt terms policies or procedures related to areas such as sharing content user data or advertising or we take or fail to take actions to enforce our policies that are perceived negatively by our users or the general public including as a result of decisions or recommendations from the independent oversight board regarding content on our platform,Irrelevant,0,,base_labeled,,,,15,,,12,Other,58,long,0
5f23bcaeaf5762df,83a114ffd1dccf56,"global operations are subject to complex and changing laws and regulations on subjects, including antitrust; privacy, data security and data localization; consumer protection; advertising, sales, billing and e-commerce; financial services and technology; product liability; intellectual property ownership and infringement; digital platforms; machine learning and artificial intelligence; internet, telecommunications and mobile communications; media, television, film and digital content; availability of third-party software applications and services; labor and employment; anticorruption; import, export and trade; foreign exchange controls and cash repatriation restrictions; anti money laundering; foreign ownership and investment; tax; and environmental, health and safety, including electronic waste, recycling, product design and climate change.",global operations are subject to complex and changing laws and regulations on subjects including antitrust privacy data security and data localization consumer protection advertising sales billing and e commerce financial services and technology product liability intellectual property ownership and infringement digital platforms machine learning and artificial intelligence internet telecommunications and mobile communications media television film and digital content availability of third party software applications and services labor and employment anticorruption import export and trade foreign exchange controls and cash repatriation restrictions anti money laundering foreign ownership and investment tax and environmental health and safety including electronic waste recycling product design and climate change,Speculative,0,,base_labeled,,,,16,,,12,Other,101,long,0
58f6b2a43e2477fe,1b8a7a9cc77706b1,"there is decreased engagement with our products as a result of taxes imposed on the use of social media or other mobile applications in certain countries, internet shutdowns, or other actions by governments that affect the accessibility of our products in their countries (for example, beginning in the first quarter of 2022, our user growth and engagement were adversely affected by the war in Ukraine and service restrictions imposed by the Russian government);",there is decreased engagement with our products as a result of taxes imposed on the use of social media or other mobile applications in certain countries internet shutdowns or other actions by governments that affect the accessibility of our products in their countries for example beginning in the first quarter of 2022 our user growth and engagement were adversely affected by the war in ukraine and service restrictions imposed by the russian government,Irrelevant,0,,base_labeled,,,,17,,,12,Other,73,long,0
68e28e2be859e169,a9bd7eb532d36b18,"technical or other problems prevent us from delivering our products in a rapid and reliable manner or otherwise affect the user experience, such as security breaches or failure to prevent or limit spam or similar content, or users feel their experience is diminished as a result of our efforts to protect the security and integrity of our platform;",technical or other problems prevent us from delivering our products in a rapid and reliable manner or otherwise affect the user experience such as security breaches or failure to prevent or limit spam or similar content or users feel their experience is diminished as a result of our efforts to protect the security and integrity of our platform,Actionable,0,,base_labeled,,,,18,,,12,Other,58,long,0
d89670518d6e2e2a,4db70e25934a6599,"we fail to provide adequate customer service to users, marketers, developers, or other partners;",we fail to provide adequate customer service to users marketers developers or other partners,Irrelevant,0,,base_labeled,,,,19,,,12,Other,14,medium,0
534b9ddaafe97139,37dc77e3a10926b3,"v. Meta Platforms, Inc. et al., which was subsequently transferred to the U.S. District Court for the Northern District of California alleging that we used various copyrighted books and materials to train our artificial intelligence models, and seeking unspecified damages and injunctive relief.",v meta platforms inc et al which was subsequently transferred to the u s district court for the northern district of california alleging that we used various copyrighted books and materials to train our artificial intelligence models and seeking unspecified damages and injunctive relief,Actionable,0,,base_labeled,,,,20,,,12,Other,43,long,0
077fd9fdced058d6,a4d7d17fa1eba9a3,"Across all of these efforts, we are making significant investments in AI and machine learning, including to recommend relevant unconnected content across our products through our AI-powered discovery engine, to enhance our advertising tools and improve our ad delivery, targeting, and measurement capabilities, and",across all of these efforts we are making significant investments in ai and machine learning including to recommend relevant unconnected content across our products through our ai powered discovery engine to enhance our advertising tools and improve our ad delivery targeting and measurement capabilities and,Actionable,0,,base_labeled,,,,21,,,12,Other,44,long,0
055b1080166cec00,b37a1a8cd467db80,"delays in product development or releases, or reductions in manufacturing production and sales of consumer hardware, as a result of inventory shortages, supply chain or labor shortages, or diversion of our efforts and resources to projects related to COVID-19;",delays in product development or releases or reductions in manufacturing production and sales of consumer hardware as a result of inventory shortages supply chain or labor shortages or diversion of our efforts and resources to projects related to covid 19,Irrelevant,0,,base_labeled,,,,22,,,12,Other,39,long,0
864bb74cbf38591a,1e8f555856dbe503,"initiatives designed to attract and retain users and engagement, including the use of new technologies such as artificial intelligence, are unsuccessful or discontinued, whether as a result of actions by us, our competitors, or other third parties, or otherwise;",initiatives designed to attract and retain users and engagement including the use of new technologies such as artificial intelligence are unsuccessful or discontinued whether as a result of actions by us our competitors or other third parties or otherwise,Irrelevant,0,,base_labeled,,,,23,,,12,Other,39,long,0
d3369620f8afff98,7a928b6e94565267,"there is decreased engagement with our products, or failure to accept our terms of service, as part of privacy-focused changes that we have implemented or may implement in the future, whether voluntarily, in connection with the General Data Protection Regulation (GDPR), the European Union's ePrivacy Directive, the California Privacy Rights Act (CPRA), or other laws, regulations, or regulatory actions, or otherwise;",there is decreased engagement with our products or failure to accept our terms of service as part of privacy focused changes that we have implemented or may implement in the future whether voluntarily in connection with the general data protection regulation gdpr the european union s eprivacy directive the california privacy rights act cpra or other laws regulations or regulatory actions or otherwise,Irrelevant,0,,base_labeled,,,,24,,,12,Other,61,long,1
3c93423cc7a3fa60,d87620b9e1faa344,Advangelists ATOS platform blends artificial intelligence (or AI) and machine,advangelists atos platform blends artificial intelligence or ai and machine,Irrelevant,0,,data/processed/sec/2021/20210331_10-K_edgar_data_1084267_0001683168-21-001154_ai_sentences.txt,2021,10-K,1084267,1,7310.0,73.0,12,Other,10,short,0
c0c3d8a3edb0835e,91e0f58329b33c7c,learning (ML) based optimization technology for automatic ad serving that manages and runs digital advertising inventory and,learning ml based optimization technology for automatic ad serving that manages and runs digital advertising inventory and,Speculative,0,,data/processed/sec/2021/20210331_10-K_edgar_data_1084267_0001683168-21-001154_ai_sentences.txt,2021,10-K,1084267,2,7310.0,73.0,12,Other,17,medium,0
ceac96c23af84be3,60ecd917694efd22,Users of the ATOS platform get access to,users of the atos platform get access to,Speculative,0,,data/processed/sec/2021/20210331_10-K_edgar_data_1084267_0001683168-21-001154_ai_sentences.txt,2021,10-K,1084267,4,7310.0,73.0,12,Other,8,short,0
72ef75921afcbcdd,612923152e25d112,"targeting features based on audience profiles and location through an in-house data management platform (or DMP),",targeting features based on audience profiles and location through an in house data management platform or dmp,Speculative,0,,data/processed/sec/2021/20210331_10-K_edgar_data_1084267_0001683168-21-001154_ai_sentences.txt,2021,10-K,1084267,7,7310.0,73.0,12,Other,16,medium,0
4fc44b399d9f062f,7d1f4008a802a6c1,"support for all rich media creators ad tags,",support for all rich media creators ad tags,Actionable,0,,data/processed/sec/2021/20210331_10-K_edgar_data_1084267_0001683168-21-001154_ai_sentences.txt,2021,10-K,1084267,9,7310.0,73.0,12,Other,8,short,0
c488a9a336e5b095,ea231593ff9c2d6e,"machine learning and AI powered optimization delivering greater than the average click through rate on ad links,",machine learning and ai powered optimization delivering greater than the average click through rate on ad links,Speculative,0,,data/processed/sec/2021/20210331_10-K_edgar_data_1084267_0001683168-21-001154_ai_sentences.txt,2021,10-K,1084267,10,7310.0,73.0,12,Other,17,medium,0
afec91168cd9a3f8,035aa70892530200,"support for third-party trackers and Custom Scripts for MOAT analytics, IAS, and forensics to enable independent verification by advertisers for transparency,",support for third party trackers and custom scripts for moat analytics ias and forensics to enable independent verification by advertisers for transparency,Speculative,0,,data/processed/sec/2021/20210331_10-K_edgar_data_1084267_0001683168-21-001154_ai_sentences.txt,2021,10-K,1084267,12,7310.0,73.0,12,Other,21,medium,0
523593965b3a8a3e,bf48f7c41cea18e9,"detailed campaign wrap-up reporting that gives a breakdown on publishers, categories, demonstrations, and devices to better understand advertisement campaign performance,",detailed campaign wrap up reporting that gives a breakdown on publishers categories demonstrations and devices to better understand advertisement campaign performance,Actionable,0,,data/processed/sec/2021/20210331_10-K_edgar_data_1084267_0001683168-21-001154_ai_sentences.txt,2021,10-K,1084267,13,7310.0,73.0,12,Other,20,medium,0
dc27e966bf82ee6a,68ada9e13812bf1c,"access to business intelligence via an analytics dashboard,",access to business intelligence via an analytics dashboard,Actionable,0,,data/processed/sec/2021/20210331_10-K_edgar_data_1084267_0001683168-21-001154_ai_sentences.txt,2021,10-K,1084267,14,7310.0,73.0,12,Other,8,short,0
616235c0704b61ff,cc7c275ef031e7c6,"24x7 support, along with guided managed services to enable users to rapidly harness and operate all the features of the ATOS platform.",24x7 support along with guided managed services to enable users to rapidly harness and operate all the features of the atos platform,Actionable,0,,data/processed/sec/2021/20210331_10-K_edgar_data_1084267_0001683168-21-001154_ai_sentences.txt,2021,10-K,1084267,20,7310.0,73.0,12,Other,22,medium,0
5af04082532d5c91,8f596730820f2f5f,Utilizing massively parallel cluster computing and machine learning algorithms,utilizing massively parallel cluster computing and machine learning algorithms,Actionable,0,,data/processed/sec/2021/20210331_10-K_edgar_data_1084267_0001683168-21-001154_ai_sentences.txt,2021,10-K,1084267,21,7310.0,73.0,12,Other,9,short,0
19d769edcbef9e0e,91c3cfe3d8db6fce,"and technology, Mobiquity Networks, makes available actionable data for marketers, researchers and application publishers through",and technology mobiquity networks makes available actionable data for marketers researchers and application publishers through,Irrelevant,0,,data/processed/sec/2021/20210331_10-K_edgar_data_1084267_0001683168-21-001154_ai_sentences.txt,2021,10-K,1084267,22,7310.0,73.0,12,Other,15,medium,0
1810768d4c65f9e0,5a30ae5621782d62,"Specifically, the Mobiquity Networks platform uses the following AWS services: EC2, Lambda, Kafka,",specifically the mobiquity networks platform uses the following aws services ec2 lambda kafka,Actionable,0,,data/processed/sec/2021/20210331_10-K_edgar_data_1084267_0001683168-21-001154_ai_sentences.txt,2021,10-K,1084267,24,7310.0,73.0,12,Other,13,medium,0
78da431e8bc906be,6d1f61824c8f4e22,"Kinesis, S3, Storm, Spark, Machine Learning, RDS, Redshift, Elastic Map Reduction, CloudWatch, DataBricks, and Elastic Search Service",kinesis s3 storm spark machine learning rds redshift elastic map reduction cloudwatch databricks and elastic search service,Actionable,0,,data/processed/sec/2021/20210331_10-K_edgar_data_1084267_0001683168-21-001154_ai_sentences.txt,2021,10-K,1084267,25,7310.0,73.0,12,Other,17,medium,0
b3aef3c8850de420,49b0581799e4efc9,"and machine learning algorithms and technology, Mobiquity Networks processes user dwell-time and frequency of visitation",and machine learning algorithms and technology mobiquity networks processes user dwell time and frequency of visitation,Speculative,0,,data/processed/sec/2021/20210331_10-K_edgar_data_1084267_0001683168-21-001154_ai_sentences.txt,2021,10-K,1084267,28,7310.0,73.0,12,Other,15,medium,0
66f7018704feafc4,c3cbf1a9aa921c13,data within all location signals available to segment highly targetable audiences for marketing and research.,data within all location signals available to segment highly targetable audiences for marketing and research,Actionable,0,,data/processed/sec/2021/20210331_10-K_edgar_data_1084267_0001683168-21-001154_ai_sentences.txt,2021,10-K,1084267,29,7310.0,73.0,12,Other,15,medium,0
d4a1a6c240e33d10,b081bd6ab57b48e7,learning (ML) based optimization technology for automatic ad serving that manages and runs digital advertising campaigns.,learning ml based optimization technology for automatic ad serving that manages and runs digital advertising campaigns,Speculative,0,,data/processed/sec/2021/20210331_10-K_edgar_data_1084267_0001683168-21-001154_ai_sentences.txt,2021,10-K,1084267,31,7310.0,73.0,12,Other,16,medium,0
7467b465e9fd78d7,b8a5cade8148c8de,"In addition to Ai Xin Company Group, Mr. Lin has founded a number of companies located in Chengdu City, Sichuan Province,",in addition to ai xin company group mr lin has founded a number of companies located in chengdu city sichuan province,Speculative,0,,data/processed/sec/2021/20210401_10-K_edgar_data_835662_0001493152-21-007578_ai_sentences.txt,2021,10-K,835662,1,5122.0,51.0,9,Shops,21,medium,0
934984ef9554e628,7a5191ab8962e704,"China, engaged in various types of business, including pharmacies, retail outlets, hotel management services and global tourism.",china engaged in various types of business including pharmacies retail outlets hotel management services and global tourism,Speculative,0,,data/processed/sec/2021/20210401_10-K_edgar_data_835662_0001493152-21-007578_ai_sentences.txt,2021,10-K,835662,2,5122.0,51.0,9,Shops,17,medium,0
a9d59c9f5078431b,9be31a74c83de6fd,"In addition to the impact on our advertising business, the pandemic exposes our business, operations, and workforce to a variety of other risks, including:",in addition to the impact on our advertising business the pandemic exposes our business operations and workforce to a variety of other risks including,Speculative,0,,data/processed/sec/20210128_10-K_edgar_data_1326801_0001326801-21-000014_ai_sentences.txt,2021,10-K,1326801,6,,,12,Other,24,medium,0
5e41c2be77989459,a0e779c1e2ee0602,"volatility in the size of our user base and user engagement, particularly for our messaging products, whether as a result of shelter-in-place measures or other factors;",volatility in the size of our user base and user engagement particularly for our messaging products whether as a result of shelter in place measures or other factors,Actionable,0,,data/processed/sec/20210128_10-K_edgar_data_1326801_0001326801-21-000014_ai_sentences.txt,2021,10-K,1326801,7,,,12,Other,26,long,0
f2461e908a43096d,d4619d7f40e05618,decreased user engagement as a result of users' inability to purchase data packs or devices to access our products and services;,decreased user engagement as a result of users inability to purchase data packs or devices to access our products and services,Speculative,0,,data/processed/sec/20210128_10-K_edgar_data_1326801_0001326801-21-000014_ai_sentences.txt,2021,10-K,1326801,8,,,12,Other,21,medium,0
94332518fdd97131,3b10da0b7a364ae5,"increased misuse of our products and services or user data by third parties, including improper advertising practices or other activity inconsistent with our terms, contracts, or policies, misinformation or other illicit or objectionable material on our platforms, election interference, or other undesirable activity;",increased misuse of our products and services or user data by third parties including improper advertising practices or other activity inconsistent with our terms contracts or policies misinformation or other illicit or objectionable material on our platforms election interference or other undesirable activity,Irrelevant,0,,data/processed/sec/20210128_10-K_edgar_data_1326801_0001326801-21-000014_ai_sentences.txt,2021,10-K,1326801,11,,,12,Other,43,long,0
c5907a2fc388f2b8,5c2857fb186d37a6,"our inability to recognize revenue, collect payment, or generate future revenue from marketers, including from those that have been or may be forced to close their businesses or are otherwise impacted by the economic downturn;",our inability to recognize revenue collect payment or generate future revenue from marketers including from those that have been or may be forced to close their businesses or are otherwise impacted by the economic downturn,Speculative,0,,data/processed/sec/20210128_10-K_edgar_data_1326801_0001326801-21-000014_ai_sentences.txt,2021,10-K,1326801,13,,,12,Other,35,long,1
928478ff23851ef8,717f8d07997f9494,increased expenses resulting from our initiatives or donations related to the pandemic;,increased expenses resulting from our initiatives or donations related to the pandemic,Actionable,0,,data/processed/sec/20210128_10-K_edgar_data_1326801_0001326801-21-000014_ai_sentences.txt,2021,10-K,1326801,14,,,12,Other,12,short,0
8b3a41e9867f802b,b93429eac3942d86,"significant volatility and disruption of global financial markets, which could cause fluctuations in currency exchange rates or negatively impact our ability to access capital in the future;",significant volatility and disruption of global financial markets which could cause fluctuations in currency exchange rates or negatively impact our ability to access capital in the future,Speculative,0,,data/processed/sec/20210128_10-K_edgar_data_1326801_0001326801-21-000014_ai_sentences.txt,2021,10-K,1326801,15,,,12,Other,27,long,1
b5d9a5fa2e2b9811,f307eadfe25d8c5e,"negative impact on our workforce productivity, product development, and research and development due to difficulties resulting from our personnel working remotely;",negative impact on our workforce productivity product development and research and development due to difficulties resulting from our personnel working remotely,Irrelevant,0,,data/processed/sec/20210128_10-K_edgar_data_1326801_0001326801-21-000014_ai_sentences.txt,2021,10-K,1326801,16,,,12,Other,21,medium,0
735acff2e8bc17e7,d3012dca34681539,"illnesses to key employees, or a significant portion of our workforce, which may result in inefficiencies, delays, and disruptions in our business; and",illnesses to key employees or a significant portion of our workforce which may result in inefficiencies delays and disruptions in our business and,Speculative,0,,data/processed/sec/20210128_10-K_edgar_data_1326801_0001326801-21-000014_ai_sentences.txt,2021,10-K,1326801,17,,,12,Other,23,medium,1
c56d6b2847436f90,bee4b7c54029e7d4,Government Regulation Is Evolving and Unfavorable Changes Could Harm Our Business,government regulation is evolving and unfavorable changes could harm our business,Speculative,0,,data/processed/sec/20210203_10-K_edgar_data_1018724_0001018724-21-000004_ai_sentences.txt,2021,10-K,1018724,4,,,12,Other,11,short,1
61ced216ba732e84,b1fe60af5d99d941,"to Ai Xin Company Group, Mr. Lin has founded a number of companies located in Chengdu City, Sichuan Province, China, engaged in various",to ai xin company group mr lin has founded a number of companies located in chengdu city sichuan province china engaged in various,Speculative,0,,data/processed/sec/2022/20220415_10-K_edgar_data_835662_0001493152-22-010029_ai_sentences.txt,2022,10-K,835662,2,5122.0,51.0,9,Shops,23,medium,0
76beb2f593a7b336,bb64bbfd8dda7e43,"types of business, including pharmacies, retail outlets, hotel management services and global tourism.",types of business including pharmacies retail outlets hotel management services and global tourism,Speculative,0,,data/processed/sec/2022/20220415_10-K_edgar_data_835662_0001493152-22-010029_ai_sentences.txt,2022,10-K,835662,3,5122.0,51.0,9,Shops,13,medium,0
e1f3db74ab8fd35c,5f493e82aed977d8,"The MHRA seeks to amend the Medical Devices Regulations 2002, in particular to create a new",the mhra seeks to amend the medical devices regulations 2002 in particular to create a new,Speculative,0,,data/processed/sec/2023/20230301_10-K_edgar_data_1076930_0000950170-23-005365_ai_sentences.txt,2023,10-K,1076930,1,3679.0,36.0,6,BusEq,16,medium,0
478bcf1f3b1cf686,cdd467eca7e3599d,"access pathway to support innovation, create an innovative framework for regulating software and artificial intelligence as medical devices, reform in-vitro diagnostic medical device regulation and foster sustainability through the reuse and remanufacture of medical devices.",access pathway to support innovation create an innovative framework for regulating software and artificial intelligence as medical devices reform in vitro diagnostic medical device regulation and foster sustainability through the reuse and remanufacture of medical devices,Speculative,0,,data/processed/sec/2023/20230301_10-K_edgar_data_1076930_0000950170-23-005365_ai_sentences.txt,2023,10-K,1076930,3,3679.0,36.0,6,BusEq,35,long,0
74c136cb81bfc176,33fbccdda08ce2b0,comprised of three proprietary software platforms:,comprised of three proprietary software platforms,Actionable,0,,data/processed/sec/2023/20230331_10-K_edgar_data_1084267_0001683168-23-002071_ai_sentences.txt,2023,10-K,1084267,2,7310.0,73.0,12,Other,6,short,0
edf1750e5d6fe8a8,fe49dcea7cf1234b,Advertising Technology Operating System (ATOS Platform),advertising technology operating system atos platform,Speculative,0,,data/processed/sec/2023/20230331_10-K_edgar_data_1084267_0001683168-23-002071_ai_sentences.txt,2023,10-K,1084267,3,7310.0,73.0,12,Other,6,short,0
0dff40d1a57af95d,59d98126cda6aeb0,Publisher Platform for Monetization and Compliance,publisher platform for monetization and compliance,Speculative,0,,data/processed/sec/2023/20230331_10-K_edgar_data_1084267_0001683168-23-002071_ai_sentences.txt,2023,10-K,1084267,5,7310.0,73.0,12,Other,6,short,0
bc7d1eeeeb44686c,07e7d43f0694510c,Our ATOS platform blends artificial intelligence,our atos platform blends artificial intelligence,Actionable,0,,data/processed/sec/2023/20230331_10-K_edgar_data_1084267_0001683168-23-002071_ai_sentences.txt,2023,10-K,1084267,8,7310.0,73.0,12,Other,6,short,0
f26367c5b55d1ae3,8d8ce6f7826bb44a,(or AI) and machine learning (ML) based optimization technology for automatic ad serving that manages digital advertising inventory and,or ai and machine learning ml based optimization technology for automatic ad serving that manages digital advertising inventory and,Speculative,0,,data/processed/sec/2023/20230331_10-K_edgar_data_1084267_0001683168-23-002071_ai_sentences.txt,2023,10-K,1084267,9,7310.0,73.0,12,Other,19,medium,0
bd8a61be60631551,f77b2323191da169,get access to benefits including among other things:,get access to benefits including among other things,Actionable,0,,data/processed/sec/2023/20230331_10-K_edgar_data_1084267_0001683168-23-002071_ai_sentences.txt,2023,10-K,1084267,12,7310.0,73.0,12,Other,8,short,0
93b6b7732315fbee,847783238a879272,targeting features based on audience profiles and location and context through an in-house data management platform (or DMP);,targeting features based on audience profiles and location and context through an in house data management platform or dmp,Speculative,0,,data/processed/sec/2023/20230331_10-K_edgar_data_1084267_0001683168-23-002071_ai_sentences.txt,2023,10-K,1084267,14,7310.0,73.0,12,Other,18,medium,0
272e00e6aeff675b,2c5f6c9fafe7ce56,machine learning and AI powered optimization which aids in delivering a higher click through rate on ad links;,machine learning and ai powered optimization which aids in delivering a higher click through rate on ad links,Speculative,0,,data/processed/sec/2023/20230331_10-K_edgar_data_1084267_0001683168-23-002071_ai_sentences.txt,2023,10-K,1084267,17,7310.0,73.0,12,Other,18,medium,0
a9558edcea3a4c3a,c5eb54af2fbc8322,"support for third-party trackers and custom scripts for make-the-most-of-your media (or MOAT) analytics, Integral Ad Science (or IAS), and forensics to enable independent verification by advertisers for transparency;",support for third party trackers and custom scripts for make the most of your media or moat analytics integral ad science or ias and forensics to enable independent verification by advertisers for transparency,Irrelevant,0,,data/processed/sec/2023/20230331_10-K_edgar_data_1084267_0001683168-23-002071_ai_sentences.txt,2023,10-K,1084267,18,7310.0,73.0,12,Other,28,long,0
122f44a33caaa085,ace940e9cfe02f7b,Utilizing massively parallel cluster computing and machine,utilizing massively parallel cluster computing and machine,Actionable,0,,data/processed/sec/2023/20230331_10-K_edgar_data_1084267_0001683168-23-002071_ai_sentences.txt,2023,10-K,1084267,27,7310.0,73.0,12,Other,7,short,0
7e31b8b476022a7f,a8ecdfa70276640a,"learning algorithms and technology, our data intelligence solutions make available actionable data for marketers, researchers and application",learning algorithms and technology our data intelligence solutions make available actionable data for marketers researchers and application,Irrelevant,0,,data/processed/sec/2023/20230331_10-K_edgar_data_1084267_0001683168-23-002071_ai_sentences.txt,2023,10-K,1084267,28,7310.0,73.0,12,Other,17,medium,0
8870bec33dd16914,4a282f15fcfb40a1,"Specifically, our data intelligence platform uses the following AWS services: EC2, Lambda, Kafka, Kinesis, S3,",specifically our data intelligence platform uses the following aws services ec2 lambda kafka kinesis s3,Actionable,0,,data/processed/sec/2023/20230331_10-K_edgar_data_1084267_0001683168-23-002071_ai_sentences.txt,2023,10-K,1084267,30,7310.0,73.0,12,Other,15,medium,0
91ba8b41c4bddf97,d7e0489e73a92626,"Storm, Spark, Machine Learning, RDS, Redshift, Elastic Map Reduction, CloudWatch, DataBricks, and Elastic Search Service with built-in",storm spark machine learning rds redshift elastic map reduction cloudwatch databricks and elastic search service with built in,Actionable,0,,data/processed/sec/2023/20230331_10-K_edgar_data_1084267_0001683168-23-002071_ai_sentences.txt,2023,10-K,1084267,31,7310.0,73.0,12,Other,17,medium,0
3dc04f9e437f0923,88158e57573eb565,"Spark, Machine Learning, RDS, Redshift, Elastic Map Reduction, CloudWatch, DataBricks, and Elastic Search Service with built-in Kibana",spark machine learning rds redshift elastic map reduction cloudwatch databricks and elastic search service with built in kibana,Actionable,0,,data/processed/sec/2023/20230331_10-K_edgar_data_1084267_0001683168-23-002071_ai_sentences.txt,2023,10-K,1084267,34,7310.0,73.0,12,Other,17,medium,0
05c14135bc197a21,d9b2660ecfc4f761,"Any number of factors can negatively affect user retention, growth, and engagement, including if:",any number of factors can negatively affect user retention growth and engagement including if,Irrelevant,0,,data/processed/sec/20230202_10-K_edgar_data_1326801_0001326801-23-000013_ai_sentences.txt,2023,10-K,1326801,11,,,12,Other,14,medium,0
ce9ebc944b2bf5c8,1222411423b879e5,users increasingly engage with other competitive products or services;,users increasingly engage with other competitive products or services,Irrelevant,0,,data/processed/sec/20230202_10-K_edgar_data_1326801_0001326801-23-000013_ai_sentences.txt,2023,10-K,1326801,12,,,12,Other,9,short,0
8e241a074e693fef,52246986127c2fd5,"users feel that their experience is diminished as a result of the decisions we make with respect to the frequency, prominence, format, size, and quality of ads that we display;",users feel that their experience is diminished as a result of the decisions we make with respect to the frequency prominence format size and quality of ads that we display,Speculative,0,,data/processed/sec/20230202_10-K_edgar_data_1326801_0001326801-23-000013_ai_sentences.txt,2023,10-K,1326801,14,,,12,Other,30,long,0
dd36cb38684e6629,3978554fb7e8541f,"users have difficulty installing, updating, or otherwise accessing our products on mobile devices as a result of actions by us or third parties that we rely on to distribute our products and deliver our services;",users have difficulty installing updating or otherwise accessing our products on mobile devices as a result of actions by us or third parties that we rely on to distribute our products and deliver our services,Irrelevant,0,,data/processed/sec/20230202_10-K_edgar_data_1326801_0001326801-23-000013_ai_sentences.txt,2023,10-K,1326801,17,,,12,Other,35,long,0
46aeeda9cb170791,a7ec72fdbd426bfd,"user behavior on any of our products changes, including decreases in the quality and frequency of content shared on our products and services;",user behavior on any of our products changes including decreases in the quality and frequency of content shared on our products and services,Actionable,0,,data/processed/sec/20230202_10-K_edgar_data_1326801_0001326801-23-000013_ai_sentences.txt,2023,10-K,1326801,18,,,12,Other,23,medium,0
6a5726a6032ac105,c5ad66e39b6a48cb,"we are unable to continue to develop products for mobile devices that users find engaging, that work with a variety of mobile operating systems and networks, and that achieve a high level of market acceptance;",we are unable to continue to develop products for mobile devices that users find engaging that work with a variety of mobile operating systems and networks and that achieve a high level of market acceptance,Speculative,0,,data/processed/sec/20230202_10-K_edgar_data_1326801_0001326801-23-000013_ai_sentences.txt,2023,10-K,1326801,19,,,12,Other,35,long,0
1c30632bfd5c7fb8,e06a164c0231f661,"we are unable to manage and prioritize information to ensure users are presented with content that is appropriate, interesting, useful, and relevant to them;",we are unable to manage and prioritize information to ensure users are presented with content that is appropriate interesting useful and relevant to them,Irrelevant,0,,data/processed/sec/20230202_10-K_edgar_data_1326801_0001326801-23-000013_ai_sentences.txt,2023,10-K,1326801,21,,,12,Other,24,medium,0
39ad92ef603ebb9c,bb680421352dc63f,"there are changes mandated by legislation, government and regulatory authorities, or litigation that adversely affect our products or users;",there are changes mandated by legislation government and regulatory authorities or litigation that adversely affect our products or users,Irrelevant,0,,data/processed/sec/20230202_10-K_edgar_data_1326801_0001326801-23-000013_ai_sentences.txt,2023,10-K,1326801,25,,,12,Other,19,medium,0
543ec92f71eca53a,9b4c625c0a0f0e4c,"we are unable to offer a number of our most significant products and services, including Facebook and Instagram, in Europe, or are otherwise limited in our business operations, as a result of European regulators, courts, or legislative bodies determining that our reliance on Standard Contractual Clauses (SCCs) or other legal bases we rely upon to transfer user data from the European Union to the United States is invalid;",we are unable to offer a number of our most significant products and services including facebook and instagram in europe or are otherwise limited in our business operations as a result of european regulators courts or legislative bodies determining that our reliance on standard contractual clauses sccs or other legal bases we rely upon to transfer user data from the european union to the united states is invalid,Irrelevant,0,,data/processed/sec/20230202_10-K_edgar_data_1326801_0001326801-23-000013_ai_sentences.txt,2023,10-K,1326801,26,,,12,Other,68,long,0
0578e07575eeac8c,75c7bb059f4bd250,"we elect to focus our product decisions on longer-term initiatives that do not prioritize near-term user growth and engagement (for example, we have announced plans to focus product decisions on optimizing the young adult experience in the long term);",we elect to focus our product decisions on longer term initiatives that do not prioritize near term user growth and engagement for example we have announced plans to focus product decisions on optimizing the young adult experience in the long term,Irrelevant,0,,data/processed/sec/20230202_10-K_edgar_data_1326801_0001326801-23-000013_ai_sentences.txt,2023,10-K,1326801,30,,,12,Other,39,long,0
5373ff32526945db,6c4c3d4e4c2df74b,we make changes in our user account login or registration processes or changes in how we promote different products and services across our family of products;,we make changes in our user account login or registration processes or changes in how we promote different products and services across our family of products,Speculative,0,,data/processed/sec/20230202_10-K_edgar_data_1326801_0001326801-23-000013_ai_sentences.txt,2023,10-K,1326801,31,,,12,Other,26,long,0
604b915d9e4d13ac,7d787e0d7ff9b665,"third-party initiatives that may enable greater use of our products, including low-cost or discounted data plans, are scaled back or discontinued, or the pricing of data plans otherwise increases;",third party initiatives that may enable greater use of our products including low cost or discounted data plans are scaled back or discontinued or the pricing of data plans otherwise increases,Speculative,0,,data/processed/sec/20230202_10-K_edgar_data_1326801_0001326801-23-000013_ai_sentences.txt,2023,10-K,1326801,35,,,12,Other,29,long,1
3840c4ee02f8729e,f2cb6350b26354f6,"we, developers whose products are integrated with our products, or other partners and companies in our industry are the subject of adverse media reports or other negative publicity, including as a result of our or their user data practices; or",we developers whose products are integrated with our products or other partners and companies in our industry are the subject of adverse media reports or other negative publicity including as a result of our or their user data practices or,Irrelevant,0,,data/processed/sec/20230202_10-K_edgar_data_1326801_0001326801-23-000013_ai_sentences.txt,2023,10-K,1326801,38,,,12,Other,40,long,0
eb5344e7188819b5,df5c44fbaf91a92c,"our current or future products, such as our development tools and application programming interfaces that enable developers to build, grow, and monetize applications, reduce user activity on our products by making it easier for our users to interact and share on third-party applications.",our current or future products such as our development tools and application programming interfaces that enable developers to build grow and monetize applications reduce user activity on our products by making it easier for our users to interact and share on third party applications,Irrelevant,0,,data/processed/sec/20230202_10-K_edgar_data_1326801_0001326801-23-000013_ai_sentences.txt,2023,10-K,1326801,39,,,12,Other,43,long,1
5bcdfa988be753c7,c83d39ec84572e65,Our global strategy is to deliver higher value by focusing on the following strategic priorities:,our global strategy is to deliver higher value by focusing on the following strategic priorities,Actionable,0,,data/processed/sec/2024/20240126_10-K_edgar_data_1177394_0001177394-24-000014_ai_sentences.txt,2024,10-K,1177394,1,5045.0,50.0,9,Shops,15,medium,0
4bb51bf4855efcce,0f2b88419d21ea95,"n The use of AI/ML methods contain inherent risks that may expose us to unexpected losses, damage our reputation, have an adverse impact on our business operations, and violate our legal and regulatory obligations.",n the use of ai ml methods contain inherent risks that may expose us to unexpected losses damage our reputation have an adverse impact on our business operations and violate our legal and regulatory obligations,Irrelevant,0,,data/processed/sec/2024/20240214_10-K_edgar_data_1026214_0001026214-24-000025_ai_sentences.txt,2024,10-K,1026214,1,6111.0,61.0,11,Money,34,long,1
4e2e285a1efdc305,ebd95cccda098938,"We may not be able to sufficiently mitigate or detect any of the foregoing limitations or risks given the lack of experience with using AI/ML methods in our business, the pace of",we may not be able to sufficiently mitigate or detect any of the foregoing limitations or risks given the lack of experience with using ai ml methods in our business the pace of,Irrelevant,0,,data/processed/sec/2024/20240214_10-K_edgar_data_1026214_0001026214-24-000025_ai_sentences.txt,2024,10-K,1026214,12,6111.0,61.0,11,Money,32,long,1
9f6ba83e20af83c9,7faae340cdd89e61,FREDDIE MAC | 2023 Form 10-K,freddie mac 2023 form 10 k,Irrelevant,0,,data/processed/sec/2024/20240214_10-K_edgar_data_1026214_0001026214-24-000025_ai_sentences.txt,2024,10-K,1026214,13,6111.0,61.0,11,Money,6,short,0
2b7e64f6dedd412c,a0fc7ee4a119657e,"technological change, and rapid adoption of AI/ML by our business partners and competitors.",technological change and rapid adoption of ai ml by our business partners and competitors,Irrelevant,0,,data/processed/sec/2024/20240214_10-K_edgar_data_1026214_0001026214-24-000025_ai_sentences.txt,2024,10-K,1026214,16,6111.0,61.0,11,Money,13,medium,0
d57aef3dfe934660,40c6e9b85f53de09,n AI/ML - Artificial Intelligence/Machine Learning.,n ai ml artificial intelligence machine learning,Irrelevant,0,,data/processed/sec/2024/20240214_10-K_edgar_data_1026214_0001026214-24-000025_ai_sentences.txt,2024,10-K,1026214,18,6111.0,61.0,11,Money,6,short,0
516aad5dc1c50652,708f9a4a1c50fb49,Specific factors that could cause actual results to differ from those in our forward-looking statements include:,specific factors that could cause actual results to differ from those in our forward looking statements include,Speculative,0,,data/processed/sec/2024/20240220_10-K_edgar_data_1506307_0001506307-24-000011_ai_sentences.txt,2024,10-K,1506307,1,,,12,Other,16,medium,1
4397654a82e0351c,2ba21ee3a34d8bf8,"changes in supply of and demand for natural gas, NGL, refined petroleum products, oil, renewable fuels, CO 2 , electricity, petroleum coke, steel and other bulk materials and chemicals and certain agricultural products;",changes in supply of and demand for natural gas ngl refined petroleum products oil renewable fuels co 2 electricity petroleum coke steel and other bulk materials and chemicals and certain agricultural products,Actionable,0,,data/processed/sec/2024/20240220_10-K_edgar_data_1506307_0001506307-24-000011_ai_sentences.txt,2024,10-K,1506307,2,,,12,Other,33,long,0
c485e8d25ee82af2,13b3bc12ad8ea505,"economic activity, weather, alternative energy sources, conservation and technological advances that may affect price trends and demand;",economic activity weather alternative energy sources conservation and technological advances that may affect price trends and demand,Speculative,0,,data/processed/sec/2024/20240220_10-K_edgar_data_1506307_0001506307-24-000011_ai_sentences.txt,2024,10-K,1506307,3,,,12,Other,17,medium,1
97b4695cf3d57442,3129451b0ee935bd,"competition from other pipelines, terminals or other forms of transportation, or from emerging technologies such as CO 2 capture and sequestration;",competition from other pipelines terminals or other forms of transportation or from emerging technologies such as co 2 capture and sequestration,Actionable,0,,data/processed/sec/2024/20240220_10-K_edgar_data_1506307_0001506307-24-000011_ai_sentences.txt,2024,10-K,1506307,4,,,12,Other,21,medium,0
73244e5b43087df6,b285625d76de84fe,"changes in our tariff rates required by the FERC, the CPUC or another regulatory agency;",changes in our tariff rates required by the ferc the cpuc or another regulatory agency,Speculative,0,,data/processed/sec/2024/20240220_10-K_edgar_data_1506307_0001506307-24-000011_ai_sentences.txt,2024,10-K,1506307,5,,,12,Other,15,medium,0
039b1c43506e03ca,5c118c53c5335f4d,"the timing and success of our commercial and business development efforts, including our ability to renew long-term customer contracts at economically attractive rates;",the timing and success of our commercial and business development efforts including our ability to renew long term customer contracts at economically attractive rates,Actionable,0,,data/processed/sec/2024/20240220_10-K_edgar_data_1506307_0001506307-24-000011_ai_sentences.txt,2024,10-K,1506307,6,,,12,Other,23,medium,0
0ce9869d34e8ab20,1068c4cb33d120e5,"our ability to safely operate and maintain our existing assets and to access or construct new assets including pipelines, terminals, gas processing, gas storage and NGL fractionation capacity;",our ability to safely operate and maintain our existing assets and to access or construct new assets including pipelines terminals gas processing gas storage and ngl fractionation capacity,Actionable,0,,data/processed/sec/2024/20240220_10-K_edgar_data_1506307_0001506307-24-000011_ai_sentences.txt,2024,10-K,1506307,7,,,12,Other,28,long,0
c9d885c001cd328d,5a5bd9417bd1273f,our ability to attract and retain key management and operations personnel;,our ability to attract and retain key management and operations personnel,Speculative,0,,data/processed/sec/2024/20240220_10-K_edgar_data_1506307_0001506307-24-000011_ai_sentences.txt,2024,10-K,1506307,8,,,12,Other,11,short,0
06613fba47395bcc,a862de65953aa63b,"difficulties or delays experienced by railroads, barges, trucks, ships or pipelines in delivering products to or from our terminals or pipelines;",difficulties or delays experienced by railroads barges trucks ships or pipelines in delivering products to or from our terminals or pipelines,Actionable,0,,data/processed/sec/2024/20240220_10-K_edgar_data_1506307_0001506307-24-000011_ai_sentences.txt,2024,10-K,1506307,9,,,12,Other,21,medium,0
34f3364a23ed55fe,6059dc8197ee83fb,"shut-downs or cutbacks at major refineries, chemical or petrochemical plants, natural gas processing plants, LNG export facilities, ports, utilities, military bases or other businesses that use our services or provide services or products to us;",shut downs or cutbacks at major refineries chemical or petrochemical plants natural gas processing plants lng export facilities ports utilities military bases or other businesses that use our services or provide services or products to us,Speculative,0,,data/processed/sec/2024/20240220_10-K_edgar_data_1506307_0001506307-24-000011_ai_sentences.txt,2024,10-K,1506307,10,,,12,Other,35,long,0
89a51efbb53c66a5,59daf0e476f013fc,"changes in crude oil and natural gas production (and the NGL content of natural gas production) from exploration and production areas that we serve, such as the Permian Basin area of West Texas, the shale plays in North Dakota, Ohio, Oklahoma, Pennsylvania and Texas, and the U.S. Rocky Mountains;",changes in crude oil and natural gas production and the ngl content of natural gas production from exploration and production areas that we serve such as the permian basin area of west texas the shale plays in north dakota ohio oklahoma pennsylvania and texas and the u s rocky mountains,Actionable,0,,data/processed/sec/2024/20240220_10-K_edgar_data_1506307_0001506307-24-000011_ai_sentences.txt,2024,10-K,1506307,11,,,12,Other,49,long,0
b48f610f5aa29abb,149f1e150ba87405,"changes in laws or regulations, third-party relations and approvals, and decisions of courts, regulators and governmental bodies that may increase our compliance costs, restrict our ability to provide or reduce demand for our services, or otherwise adversely affect our business;",changes in laws or regulations third party relations and approvals and decisions of courts regulators and governmental bodies that may increase our compliance costs restrict our ability to provide or reduce demand for our services or otherwise adversely affect our business,Speculative,0,,data/processed/sec/2024/20240220_10-K_edgar_data_1506307_0001506307-24-000011_ai_sentences.txt,2024,10-K,1506307,12,,,12,Other,40,long,1
de89789381f627ca,87532b2dc6d63f34,"interruptions of operations at our facilities due to natural disasters, damage by third parties, power shortages, strikes, riots, terrorism (including cyber-attacks), war or other causes;",interruptions of operations at our facilities due to natural disasters damage by third parties power shortages strikes riots terrorism including cyber attacks war or other causes,Speculative,0,,data/processed/sec/2024/20240220_10-K_edgar_data_1506307_0001506307-24-000011_ai_sentences.txt,2024,10-K,1506307,13,,,12,Other,25,long,0
1f2cb69469e50010,a81133b7fd5240f8,"compromise of our IT systems, operational systems or sensitive data as a result of errors, malfunctions, hacking events or coordinated cyber-attacks;",compromise of our it systems operational systems or sensitive data as a result of errors malfunctions hacking events or coordinated cyber attacks,Irrelevant,0,,data/processed/sec/2024/20240220_10-K_edgar_data_1506307_0001506307-24-000011_ai_sentences.txt,2024,10-K,1506307,14,,,12,Other,21,medium,0
def441d1a9663b57,3c88501202d57df0,"changes in technologies, possibly introducing new cybersecurity risks and other new risks inherent in the use, either by us or our counterparties, of new technologies in the developmental stage including, without limitation, generative artificial intelligence;",changes in technologies possibly introducing new cybersecurity risks and other new risks inherent in the use either by us or our counterparties of new technologies in the developmental stage including without limitation generative artificial intelligence,Irrelevant,0,,data/processed/sec/2024/20240220_10-K_edgar_data_1506307_0001506307-24-000011_ai_sentences.txt,2024,10-K,1506307,16,,,12,Other,35,long,0
fdc08edc1ccadee8,c631f0c3187f4ae9,"the uncertainty inherent in estimating future oil, natural gas, and CO 2 production or reserves;",the uncertainty inherent in estimating future oil natural gas and co 2 production or reserves,Speculative,0,,data/processed/sec/2024/20240220_10-K_edgar_data_1506307_0001506307-24-000011_ai_sentences.txt,2024,10-K,1506307,17,,,12,Other,15,medium,1
5025dd46137b5248,3d4a4412edaeed46,"issues, delays or stoppage associated with new construction or expansion projects;",issues delays or stoppage associated with new construction or expansion projects,Actionable,0,,data/processed/sec/2024/20240220_10-K_edgar_data_1506307_0001506307-24-000011_ai_sentences.txt,2024,10-K,1506307,18,,,12,Other,11,short,0
fdaa3a09bd7bc052,c2e732785a66b213,"regulatory, environmental, political, grass roots opposition, legal, operational and geological uncertainties that could affect our ability to complete our expansion projects on time and on budget or at all;",regulatory environmental political grass roots opposition legal operational and geological uncertainties that could affect our ability to complete our expansion projects on time and on budget or at all,Speculative,0,,data/processed/sec/2024/20240220_10-K_edgar_data_1506307_0001506307-24-000011_ai_sentences.txt,2024,10-K,1506307,19,,,12,Other,29,long,1
12bc60a0a1cd0682,53d1ce7c6ee98957,"our ability to acquire new businesses and assets and integrate those operations into our existing operations, and make cost-saving changes in operations, particularly if we undertake multiple acquisitions in a relatively short period of time, as well as our ability to expand our facilities;",our ability to acquire new businesses and assets and integrate those operations into our existing operations and make cost saving changes in operations particularly if we undertake multiple acquisitions in a relatively short period of time as well as our ability to expand our facilities,Actionable,0,,data/processed/sec/2024/20240220_10-K_edgar_data_1506307_0001506307-24-000011_ai_sentences.txt,2024,10-K,1506307,20,,,12,Other,44,long,0
63f0005acf2fb0aa,3ab7b2847aba259e,the ability of our customers and other counterparties to perform under their contracts with us including as a result of our customers financial distress or bankruptcy;,the ability of our customers and other counterparties to perform under their contracts with us including as a result of our customers financial distress or bankruptcy,Irrelevant,0,,data/processed/sec/2024/20240220_10-K_edgar_data_1506307_0001506307-24-000011_ai_sentences.txt,2024,10-K,1506307,21,,,12,Other,26,long,0
6c16d92f2220e71b,4f21ad382ad3a8b5,"changes in accounting pronouncements that impact the measurement of our results of operations, the timing of when such measurements are to be made and recorded, and the disclosures surrounding these activities;",changes in accounting pronouncements that impact the measurement of our results of operations the timing of when such measurements are to be made and recorded and the disclosures surrounding these activities,Speculative,0,,data/processed/sec/2024/20240220_10-K_edgar_data_1506307_0001506307-24-000011_ai_sentences.txt,2024,10-K,1506307,22,,,12,Other,31,long,0
699cb87dd6dcf297,d423ad074b4b31b0,our ability to access external sources of financing in sufficient amounts and on acceptable terms to the extent needed to fund acquisitions of operating businesses and assets and expansions of our facilities;,our ability to access external sources of financing in sufficient amounts and on acceptable terms to the extent needed to fund acquisitions of operating businesses and assets and expansions of our facilities,Speculative,0,,data/processed/sec/2024/20240220_10-K_edgar_data_1506307_0001506307-24-000011_ai_sentences.txt,2024,10-K,1506307,24,,,12,Other,32,long,0
8e1bf3fd78aa2ec3,524f3aa99ecf5c5c,"our indebtedness, which could make us vulnerable to general adverse economic and industry conditions, limit our ability to borrow additional funds, place us at a competitive disadvantage compared to our competitors that have less debt, or have other adverse consequences;",our indebtedness which could make us vulnerable to general adverse economic and industry conditions limit our ability to borrow additional funds place us at a competitive disadvantage compared to our competitors that have less debt or have other adverse consequences,Speculative,0,,data/processed/sec/2024/20240220_10-K_edgar_data_1506307_0001506307-24-000011_ai_sentences.txt,2024,10-K,1506307,25,,,12,Other,40,long,1
d4395b222b2792e2,ee986f6ba6791995,our ability to obtain insurance coverage without significant levels of self-retention risk;,our ability to obtain insurance coverage without significant levels of self retention risk,Speculative,0,,data/processed/sec/2024/20240220_10-K_edgar_data_1506307_0001506307-24-000011_ai_sentences.txt,2024,10-K,1506307,26,,,12,Other,12,short,1
081f13263cfc62b2,bd7cd32ad83abe75,"natural disasters, sabotage, terrorism (including cyber-attacks) or other similar acts or accidents causing damage to our properties greater than our insurance coverage limits;",natural disasters sabotage terrorism including cyber attacks or other similar acts or accidents causing damage to our properties greater than our insurance coverage limits,Irrelevant,0,,data/processed/sec/2024/20240220_10-K_edgar_data_1506307_0001506307-24-000011_ai_sentences.txt,2024,10-K,1506307,27,,,12,Other,23,medium,0
3f03d0c1f9cb126d,0815723950c65ed8,possible changes in our and our subsidiaries credit ratings;,possible changes in our and our subsidiaries credit ratings,Speculative,0,,data/processed/sec/2024/20240220_10-K_edgar_data_1506307_0001506307-24-000011_ai_sentences.txt,2024,10-K,1506307,28,,,12,Other,9,short,0
1e895ca166263986,7da70c1abae88b36,"conditions in the capital and credit markets, inflation and higher interest rates;",conditions in the capital and credit markets inflation and higher interest rates,Speculative,0,,data/processed/sec/2024/20240220_10-K_edgar_data_1506307_0001506307-24-000011_ai_sentences.txt,2024,10-K,1506307,29,,,12,Other,12,short,0
8903ac3e4a05ae41,65b5fd0345a24e5c,political and economic instability of the oil and natural gas producing nations of the world;,political and economic instability of the oil and natural gas producing nations of the world,Actionable,0,,data/processed/sec/2024/20240220_10-K_edgar_data_1506307_0001506307-24-000011_ai_sentences.txt,2024,10-K,1506307,30,,,12,Other,15,medium,0
38d086055e60c869,fd3cce747ba12616,"national, international, regional and local economic, competitive and regulatory conditions and developments, including the effects of any enactment of import or export duties, tariffs or similar measures;",national international regional and local economic competitive and regulatory conditions and developments including the effects of any enactment of import or export duties tariffs or similar measures,Irrelevant,0,,data/processed/sec/2024/20240220_10-K_edgar_data_1506307_0001506307-24-000011_ai_sentences.txt,2024,10-K,1506307,31,,,12,Other,27,long,0
11d6a46999f7f0c3,543dd8477cd3870a,our ability to achieve cost savings and revenue growth;,our ability to achieve cost savings and revenue growth,Actionable,0,,data/processed/sec/2024/20240220_10-K_edgar_data_1506307_0001506307-24-000011_ai_sentences.txt,2024,10-K,1506307,32,,,12,Other,9,short,0
96116265911af123,d7d4a54fc33043ee,"the extent of our success in developing and producing CO 2 and oil and gas reserves, including the risks inherent in development drilling, well completion and other development activities;",the extent of our success in developing and producing co 2 and oil and gas reserves including the risks inherent in development drilling well completion and other development activities,Actionable,0,,data/processed/sec/2024/20240220_10-K_edgar_data_1506307_0001506307-24-000011_ai_sentences.txt,2024,10-K,1506307,33,,,12,Other,29,long,0
14b33976b89926d1,8ebd354d66739080,"engineering and mechanical or technological difficulties that we may experience with operational equipment, in well completions and work-overs, and in drilling new wells; and",engineering and mechanical or technological difficulties that we may experience with operational equipment in well completions and work overs and in drilling new wells and,Speculative,0,,data/processed/sec/2024/20240220_10-K_edgar_data_1506307_0001506307-24-000011_ai_sentences.txt,2024,10-K,1506307,34,,,12,Other,24,medium,1
1844fd535410b5a2,87305aae4975d090,unfavorable results of litigation and the outcome of contingencies referred to in Note 18 Litigation and Environmental to our consolidated financial statements.,unfavorable results of litigation and the outcome of contingencies referred to in note 18 litigation and environmental to our consolidated financial statements,Irrelevant,0,,data/processed/sec/2024/20240220_10-K_edgar_data_1506307_0001506307-24-000011_ai_sentences.txt,2024,10-K,1506307,35,,,12,Other,22,medium,0
80a00fa2059b9a8c,143cca565b7f617c,"Our IT systems are vulnerable to interruption by adverse weather conditions or natural disasters; power loss; telecommunications failures; terrorist attacks; internet failures and other disruptions to technology, including",our it systems are vulnerable to interruption by adverse weather conditions or natural disasters power loss telecommunications failures terrorist attacks internet failures and other disruptions to technology including,Speculative,0,,data/processed/sec/2024/20240223_10-K_edgar_data_894405_0001558370-24-001622_ai_sentences.txt,2024,10-K,894405,4,4213.0,42.0,12,Other,28,long,0
7ac3c213d6aceb0a,f43ee4ec03298b5e,"computer viruses; and other events beyond our control, including cybersecurity incidents such as denial of service, system failure, security breach, intentional or inadvertent acts by employees or vendors with access to our systems or data, phishing, disruption by malware, or attacks enabled by AI.",computer viruses and other events beyond our control including cybersecurity incidents such as denial of service system failure security breach intentional or inadvertent acts by employees or vendors with access to our systems or data phishing disruption by malware or attacks enabled by ai,Irrelevant,0,,data/processed/sec/2024/20240223_10-K_edgar_data_894405_0001558370-24-001622_ai_sentences.txt,2024,10-K,894405,7,4213.0,42.0,12,Other,44,long,0
2d27c3523b696d25,c620ee32ff4050f0,"Factors that might cause such a difference include, but are not limited to:",factors that might cause such a difference include but are not limited to,Speculative,0,,data/processed/sec/2024/20240228_10-K_edgar_data_933136_0000933136-24-000017_ai_sentences.txt,2024,10-K,933136,1,6162.0,61.0,11,Money,13,medium,1
431c9e301e3103ad,a46617ea25562a03,macroeconomic and U.S. residential real estate market conditions;,macroeconomic and u s residential real estate market conditions,Speculative,0,,data/processed/sec/2024/20240228_10-K_edgar_data_933136_0000933136-24-000017_ai_sentences.txt,2024,10-K,933136,2,6162.0,61.0,11,Money,8,short,0
a3d2fa2d25926f18,94d703aa83fb1040,changes in prevailing interest rates and/or changes in home prices;,changes in prevailing interest rates and or changes in home prices,Actionable,0,,data/processed/sec/2024/20240228_10-K_edgar_data_933136_0000933136-24-000017_ai_sentences.txt,2024,10-K,933136,3,6162.0,61.0,11,Money,10,short,0
c083c5acee3bf416,6b2678dd9b69134d,our ability to maintain or grow the size of our servicing portfolio;,our ability to maintain or grow the size of our servicing portfolio,Actionable,0,,data/processed/sec/2024/20240228_10-K_edgar_data_933136_0000933136-24-000017_ai_sentences.txt,2024,10-K,933136,4,6162.0,61.0,11,Money,12,short,0
9d6b56efa48e8e0d,d1914ee41b22a4aa,our ability to maintain or grow our originations volume and profitability;,our ability to maintain or grow our originations volume and profitability,Speculative,0,,data/processed/sec/2024/20240228_10-K_edgar_data_933136_0000933136-24-000017_ai_sentences.txt,2024,10-K,933136,5,6162.0,61.0,11,Money,11,short,0
6ed26d4117fb6525,9f8f9118e6cc4030,our ability to recapture voluntary prepayments related to our existing servicing portfolio;,our ability to recapture voluntary prepayments related to our existing servicing portfolio,Speculative,0,,data/processed/sec/2024/20240228_10-K_edgar_data_933136_0000933136-24-000017_ai_sentences.txt,2024,10-K,933136,6,6162.0,61.0,11,Money,12,short,0
f8ce2ec6b78f4bb6,0e32de07a8a63e13,"our shift in the mix of our servicing portfolio to subservicing, which is highly concentrated;",our shift in the mix of our servicing portfolio to subservicing which is highly concentrated,Actionable,0,,data/processed/sec/2024/20240228_10-K_edgar_data_933136_0000933136-24-000017_ai_sentences.txt,2024,10-K,933136,7,6162.0,61.0,11,Money,15,medium,0
a986413f34e0da74,d8506ff2a8b5cddb,our ability to prevent cyber intrusions and mitigate cyber risks;,our ability to prevent cyber intrusions and mitigate cyber risks,Irrelevant,0,,data/processed/sec/2024/20240228_10-K_edgar_data_933136_0000933136-24-000017_ai_sentences.txt,2024,10-K,933136,8,6162.0,61.0,11,Money,10,short,0
113bb3d9ce4aded2,1d26d9a1c3f4cd85,delays in our ability to collect or be reimbursed for servicing advances;,delays in our ability to collect or be reimbursed for servicing advances,Actionable,0,,data/processed/sec/2024/20240228_10-K_edgar_data_933136_0000933136-24-000017_ai_sentences.txt,2024,10-K,933136,9,6162.0,61.0,11,Money,12,short,0
0a61b33d56f5f6ef,27b40c8136f7d2d9,our ability to obtain sufficient liquidity and capital to operate our business;,our ability to obtain sufficient liquidity and capital to operate our business,Speculative,0,,data/processed/sec/2024/20240228_10-K_edgar_data_933136_0000933136-24-000017_ai_sentences.txt,2024,10-K,933136,10,6162.0,61.0,11,Money,12,short,0
72556762066196d3,51f25c9f3668e780,disruptions in the secondary home loans market;,disruptions in the secondary home loans market,Speculative,0,,data/processed/sec/2024/20240228_10-K_edgar_data_933136_0000933136-24-000017_ai_sentences.txt,2024,10-K,933136,11,6162.0,61.0,11,Money,7,short,0
9d663ee8d7bb091b,cab8fe8d6266b2ed,our ability to successfully implement our strategic initiatives and hedging strategies;,our ability to successfully implement our strategic initiatives and hedging strategies,Speculative,0,,data/processed/sec/2024/20240228_10-K_edgar_data_933136_0000933136-24-000017_ai_sentences.txt,2024,10-K,933136,12,6162.0,61.0,11,Money,11,short,0
dd8daebc4c3b4301,fd0d587e629f79a2,our ability to realize anticipated benefits of our previous acquisitions;,our ability to realize anticipated benefits of our previous acquisitions,Actionable,0,,data/processed/sec/2024/20240228_10-K_edgar_data_933136_0000933136-24-000017_ai_sentences.txt,2024,10-K,933136,13,6162.0,61.0,11,Money,10,short,0
705b77b217a9784e,4d4a6d1ea78b8488,"our ability to use our net operating loss, other tax carry forwards and certain built-in losses or deductions;",our ability to use our net operating loss other tax carry forwards and certain built in losses or deductions,Irrelevant,0,,data/processed/sec/2024/20240228_10-K_edgar_data_933136_0000933136-24-000017_ai_sentences.txt,2024,10-K,933136,14,6162.0,61.0,11,Money,18,medium,0
9a6c8fe15f687992,ccb8b2f558a6ce64,"changes in our business relationships or changes in servicing guidelines with Fannie Mae, Freddie Mac and Ginnie Mae;",changes in our business relationships or changes in servicing guidelines with fannie mae freddie mac and ginnie mae,Speculative,0,,data/processed/sec/2024/20240228_10-K_edgar_data_933136_0000933136-24-000017_ai_sentences.txt,2024,10-K,933136,15,6162.0,61.0,11,Money,18,medium,0
c0886899b17a59dc,9222008909ff3cc4,"third-party credit, servicer and correspondent risks;",third party credit servicer and correspondent risks,Irrelevant,0,,data/processed/sec/2024/20240228_10-K_edgar_data_933136_0000933136-24-000017_ai_sentences.txt,2024,10-K,933136,16,6162.0,61.0,11,Money,6,short,0
cdaac511f8106b97,fd8f6bbb7429901e,our ability to pay down debt;,our ability to pay down debt,Speculative,0,,data/processed/sec/2024/20240228_10-K_edgar_data_933136_0000933136-24-000017_ai_sentences.txt,2024,10-K,933136,17,6162.0,61.0,11,Money,6,short,0
b717f6bf7526fe3f,1f2c7db319d24394,"our ability to manage legal and regulatory examinations and enforcement investigations and proceedings, compliance requirements and related costs;",our ability to manage legal and regulatory examinations and enforcement investigations and proceedings compliance requirements and related costs,Irrelevant,0,,data/processed/sec/2024/20240228_10-K_edgar_data_933136_0000933136-24-000017_ai_sentences.txt,2024,10-K,933136,18,6162.0,61.0,11,Money,18,medium,0
43c88baf24a5cca5,8879d49899d87296,issues related to the development and use of artificial intelligence;,issues related to the development and use of artificial intelligence,Irrelevant,0,,data/processed/sec/2024/20240228_10-K_edgar_data_933136_0000933136-24-000017_ai_sentences.txt,2024,10-K,933136,19,6162.0,61.0,11,Money,10,short,0
8426e7a59a5680e4,68b9f1659bd1c324,"health pandemics, hurricanes, earthquakes, fires, floods and other natural catastrophic events; and",health pandemics hurricanes earthquakes fires floods and other natural catastrophic events and,Speculative,0,,data/processed/sec/2024/20240228_10-K_edgar_data_933136_0000933136-24-000017_ai_sentences.txt,2024,10-K,933136,20,6162.0,61.0,11,Money,12,short,0
dd412edf55a651d5,5a5c043e6ccfabf7,our ability to maintain our licenses and other regulatory approvals.,our ability to maintain our licenses and other regulatory approvals,Irrelevant,0,,data/processed/sec/2024/20240228_10-K_edgar_data_933136_0000933136-24-000017_ai_sentences.txt,2024,10-K,933136,21,6162.0,61.0,11,Money,10,short,0
686cc614914f0c6d,fa90bb7fa1654bf5,Our product solutions are comprised of three proprietary software platforms:,our product solutions are comprised of three proprietary software platforms,Actionable,0,,data/processed/sec/2024/20240408_10-K_edgar_data_1084267_0001683168-24-002214_ai_sentences.txt,2024,10-K,1084267,1,7310.0,73.0,12,Other,10,short,0
f85508fe1d6664a4,ea13fdb2ad412946,intelligence (or AI) and machine learning (ML) based optimization technology for automatic ad serving that manages digital advertising,intelligence or ai and machine learning ml based optimization technology for automatic ad serving that manages digital advertising,Speculative,0,,data/processed/sec/2024/20240408_10-K_edgar_data_1084267_0001683168-24-002214_ai_sentences.txt,2024,10-K,1084267,8,7310.0,73.0,12,Other,18,medium,0
3e56643dea4b637c,0b58947271609e01,"Specifically, our data intelligence platform uses the following AWS services: EC2, Lambda, Kafka, Kinesis, S3, Storm, Spark,",specifically our data intelligence platform uses the following aws services ec2 lambda kafka kinesis s3 storm spark,Actionable,0,,data/processed/sec/2024/20240408_10-K_edgar_data_1084267_0001683168-24-002214_ai_sentences.txt,2024,10-K,1084267,32,7310.0,73.0,12,Other,17,medium,0
1d1806438bc99a29,be8affbade5d060b,Our advertising technology operating system (or,our advertising technology operating system or,Speculative,0,,data/processed/sec/2024/20240408_10-K_edgar_data_1084267_0001683168-24-002214_ai_sentences.txt,2024,10-K,1084267,37,7310.0,73.0,12,Other,6,short,0
f64906fb871ca1a1,c87300bd5c37059b,ATOS) platform is a single-vendor end-to-end solution that blends artificial intelligence (or AI) and machine learning (or ML)-based optimization,atos platform is a single vendor end to end solution that blends artificial intelligence or ai and machine learning or ml based optimization,Actionable,0,,data/processed/sec/2024/20240408_10-K_edgar_data_1084267_0001683168-24-002214_ai_sentences.txt,2024,10-K,1084267,38,7310.0,73.0,12,Other,19,medium,0
38d305ea83ca634d,086499583a173dbb,technology that automatically serves advertising and manages digital advertising campaigns.,technology that automatically serves advertising and manages digital advertising campaigns,Speculative,0,,data/processed/sec/2024/20240408_10-K_edgar_data_1084267_0001683168-24-002214_ai_sentences.txt,2024,10-K,1084267,39,7310.0,73.0,12,Other,10,short,0
